,Negative,comment_score
0,0.9032818532818533,26
1,0.9043217009475387,29
2,0.0,-279
3,0.9166666666666666,-91
4,1.0,1677
5,0.9047619047619048,474
6,1.0,2453
7,1.0,964
8,0.5,-251
9,1.0,1697
10,1.0,2509
11,1.0,1806
12,0.9117291414752116,65
13,0.912621359223301,191
14,0.5,3391
15,1.0,418
16,1.0,541
17,0.8571428571428571,558
18,1.0,3061
19,1.0,2812
20,1.0,1010
21,1.0,1224
22,1.0,1360
23,1.0,2173
24,1.0,1258
25,1.0,3806
26,1.0,1840
27,1.0,3280
28,1.0,1277
29,0.9245283018867925,293
30,0.7966101694915254,-58
31,0.8865979381443299,222
32,0.0,2581
33,0.9152542372881356,270
34,0.5,-109
35,1.0,1145
36,1.0,1127
37,1.0,938
38,0.0,1551
39,0.75,730
40,1.0,8872
41,1.0,1371
42,1.0,9632
43,1.0,1642
44,0.9076923076923077,243
45,0.8717948717948718,367
46,0.9183673469387755,278
47,0.8571428571428571,705
48,1.0,1532
49,1.0,720
50,1.0,442
51,1.0,1175
52,0.5,2944
53,1.0,2598
54,1.0,7303
55,1.0,1202
56,1.0,2371
57,1.0,1690
58,1.0,6905
59,0.8973496003365586,19
60,0.8852459016393442,54
61,1.0,4552
62,1.0,1280
63,0.9555555555555556,296
64,1.0,926
65,1.0,7233
66,1.0,1447
67,0.5,1217
68,1.0,1671
69,0.75,965
70,1.0,3081
71,0.5,-159
72,1.0,1951
73,0.8536716471396291,0
74,0.9375,348
75,0.8913043478260869,277
76,0.9491525423728814,287
77,1.0,-193
78,1.0,415
79,1.0,847
80,1.0,1958
81,0.75,1077
82,1.0,2940
83,1.0,6361
84,1.0,1594
85,1.0,1336
86,1.0,1921
87,1.0,656
88,0.8888888888888888,502
89,1.0,7234
90,0.75,1055
91,1.0,2244
92,1.0,2881
93,1.0,5126
94,1.0,1480
95,1.0,4108
96,0.0,2088
97,0.82995522995523,-3
98,0.9238754325259516,113
99,0.9172413793103448,167
100,0.9531772575250836,112
101,0.8328611898016998,-30
102,0.918918918918919,385
103,0.9382716049382716,155
104,0.9361702127659575,299
105,0.5833333333333334,-118
106,1.0,831
107,1.0,2175
108,0.0,2403
109,0.5,-135
110,1.0,1882
111,1.0,736
112,1.0,2672
113,1.0,1042
114,1.0,1599
115,1.0,2364
116,1.0,2878
117,1.0,7139
118,0.8185483870967742,-35
119,1.0,602
120,0.9333333333333333,237
121,0.8953488372093024,241
122,0.9230769230769231,347
123,0.6666666666666666,588
124,1.0,564
125,1.0,857
126,1.0,2660
127,0.0,1636
128,1.0,1497
129,0.9038571428571428,22
130,0.8571428571428571,-141
131,0.8901098901098901,198
132,1.0,530
133,1.0,1338
134,0.9375,330
135,0.9655172413793104,414
136,1.0,1526
137,0.0,2355
138,0.0,1711
139,0.0,2317
140,0.5,1241
141,1.0,1211
142,1.0,2966
143,0.8888888888888888,724
144,1.0,2263
145,1.0,2612
146,1.0,2489
147,1.0,2681
148,1.0,4235
149,0.9196787148594378,130
150,0.9444444444444444,486
151,0.9411764705882353,196
152,0.8888888888888888,487
153,1.0,427
154,1.0,932
155,0.7971014492753623,-60
156,1.0,823
157,1.0,1157
158,1.0,1059
159,1.0,1050
160,1.0,1374
161,1.0,1152
162,1.0,2828
163,1.0,3821
164,1.0,3125
165,1.0,1972
166,1.0,7226
167,1.0,2282
168,0.0,1428
169,0.8954467531978223,7
170,0.9040650406504065,77
171,0.7918032786885246,-25
172,1.0,677
173,1.0,1527
174,1.0,3243
175,0.75,-209
176,1.0,1353
177,0.0,2720
178,0.0,-334
179,1.0,5690
180,1.0,1873
181,1.0,5446
182,0.912703804347826,34
183,0.6923076923076923,532
184,0.8956521739130435,184
185,1.0,635
186,0.6666666666666666,1529
187,1.0,1540
188,1.0,1041
189,1.0,2577
190,0.8333333333333334,858
191,1.0,8353
192,0.0,1687
193,1.0,1887
194,1.0,1427
195,0.6666666666666666,830
196,0.8532110091743119,-49
197,0.7777777777777778,551
198,1.0,1319
199,0.9047619047619048,463
200,1.0,939
201,1.0,1200
202,1.0,853
203,0.3333333333333333,-190
204,1.0,5913
205,1.0,1471
206,1.0,1329
207,1.0,4147
208,0.0,3634
209,0.9056603773584906,188
210,0.8125,-65
211,0.9285714285714286,693
212,1.0,1458
213,0.8928571428571429,399
214,1.0,1052
215,1.0,1483
216,1.0,1199
217,1.0,1445
218,1.0,5142
219,1.0,3787
220,0.0,3612
221,1.0,2807
222,1.0,2684
223,1.0,2643
224,1.0,8552
225,1.0,2942
226,0.8771929824561403,274
227,0.8787878787878788,126
228,1.0,844
229,0.9285714285714286,202
230,0.9382716049382716,228
231,1.0,1988
232,0.8333333333333334,529
233,1.0,889
234,1.0,3284
235,1.0,6258
236,1.0,2717
237,1.0,1730
238,0.0,5258
239,1.0,6521
240,1.0,2314
241,0.0,1768
242,0.8203038162282327,-7
243,1.0,325
244,0.9375,406
245,0.9295774647887324,262
246,0.9166666666666666,624
247,1.0,3823
248,1.0,1567
249,1.0,1694
250,1.0,1899
251,1.0,3636
252,0.0,998
253,1.0,4625
254,1.0,2316
255,1.0,570
256,0.7058823529411765,-90
257,1.0,1766
258,0.6666666666666666,-95
259,1.0,734
260,1.0,4358
261,1.0,691
262,1.0,2308
263,1.0,1415
264,1.0,1776
265,1.0,1908
266,1.0,1986
267,1.0,6712
268,1.0,1508
269,1.0,6070
270,1.0,2998
271,0.0,1174
272,0.5833333333333334,-107
273,0.9101283880171184,50
274,0.9238095238095239,94
275,0.9245283018867925,149
276,0.95,421
277,0.7586206896551724,-79
278,0.75,1038
279,1.0,1816
280,0.0,2477
281,1.0,4273
282,1.0,3660
283,1.0,2162
284,1.0,1949
285,1.0,1895
286,1.0,6719
287,1.0,2772
288,1.0,2710
289,0.8152994464016105,-13
290,0.9545454545454546,264
291,1.0,961
292,1.0,2841
293,1.0,1210
294,1.0,638
295,1.0,2119
296,0.6,1110
297,1.0,1632
298,1.0,1064
299,0.6666666666666666,600
300,1.0,1789
301,1.0,3849
302,0.0,-221
303,1.0,4159
304,1.0,876
305,0.875,650
306,0.95,229
307,1.0,3737
308,0.5454545454545454,-116
309,1.0,3687
310,1.0,2196
311,1.0,1376
312,1.0,2153
313,1.0,1185
314,1.0,1119
315,1.0,1969
316,1.0,1930
317,1.0,1485
318,1.0,1559
319,1.0,5658
320,1.0,1212
321,0.9293286219081273,110
322,0.8842105263157894,190
323,0.9285714285714286,275
324,0.8095238095238095,439
325,0.9428571428571428,343
326,1.0,737
327,0.5714285714285714,706
328,1.0,629
329,0.6666666666666666,902
330,0.6666666666666666,2530
331,1.0,3410
332,1.0,3054
333,1.0,3796
334,1.0,1967
335,1.0,5528
336,1.0,2215
337,0.9024390243902439,136
338,0.9110320284697508,57
339,0.7944111776447106,-26
340,0.8181818181818182,513
341,1.0,1607
342,1.0,828
343,1.0,936
344,1.0,1407
345,1.0,2377
346,1.0,2982
347,1.0,1213
348,0.9308176100628931,144
349,0.9655172413793104,388
350,0.8,-172
351,0.9142857142857143,412
352,0.0,-204
353,0.9523809523809523,417
354,0.684931506849315,-61
355,1.0,4802
356,1.0,5104
357,1.0,2623
358,1.0,14019
359,1.0,2041
360,1.0,4319
361,1.0,1710
362,1.0,2526
363,1.0,9253
364,1.0,1571
365,1.0,4229
366,0.0,5046
367,1.0,1911
368,1.0,963
369,0.75,909
370,1.0,1025
371,1.0,2212
372,1.0,3405
373,1.0,1549
374,1.0,2235
375,1.0,1771
376,0.6666666666666666,1283
377,1.0,1240
378,1.0,2939
379,1.0,1256
380,1.0,1219
381,1.0,3210
382,1.0,4167
383,0.9074307304785895,32
384,0.8972565895642819,43
385,0.8193548387096774,-41
386,0.75,1108
387,0.8461538461538461,555
388,1.0,696
389,0.5,1073
390,0.8461538461538461,420
391,1.0,2667
392,0.5,1051
393,1.0,1134
394,1.0,1089
395,0.8888888888888888,752
396,1.0,2077
397,1.0,2112
398,1.0,7271
399,1.0,1128
400,1.0,3863
401,0.891500904159132,84
402,0.84375,378
403,1.0,5305
404,1.0,2012
405,0.0,-391
406,1.0,1233
407,0.0,2995
408,1.0,4487
409,1.0,2821
410,1.0,5891
411,0.9230769230769231,212
412,1.0,-154
413,0.7142857142857143,766
414,1.0,7689
415,1.0,3828
416,1.0,1362
417,1.0,779
418,1.0,3067
419,1.0,4128
420,1.0,970
421,0.904156064461408,31
422,0.9230769230769231,376
423,1.0,958
424,1.0,1991
425,0.8333333333333334,-108
426,1.0,1434
427,1.0,1361
428,1.0,516
429,1.0,1722
430,1.0,1811
431,1.0,662
432,1.0,4069
433,1.0,2894
434,0.8992537313432836,119
435,0.6666666666666666,974
436,0.5,-111
437,0.88,395
438,1.0,7842
439,1.0,5505
440,1.0,2130
441,1.0,768
442,1.0,4831
443,1.0,3731
444,1.0,2137
445,1.0,5221
446,0.9024390243902439,326
447,0.6666666666666666,-145
448,0.9230769230769231,596
449,0.8157894736842105,386
450,0.8571428571428571,450
451,1.0,1069
452,1.0,595
453,0.75,1444
454,1.0,2923
455,1.0,6637
456,1.0,894
457,1.0,1513
458,1.0,4860
459,0.751937984496124,-50
460,0.9050772626931567,39
461,0.9168900804289544,98
462,0.9252336448598131,187
463,1.0,1918
464,0.9411764705882353,496
465,1.0,4296
466,0.8235294117647058,561
467,1.0,1733
468,1.0,845
469,1.0,-337
470,1.0,1297
471,1.0,3974
472,0.9479166666666666,201
473,0.9285714285714286,402
474,0.9625,232
475,1.0,1252
476,1.0,2185
477,1.0,990
478,1.0,-168
479,1.0,2022
480,1.0,1141
481,1.0,1975
482,0.8888888888888888,773
483,1.0,1269
484,1.0,966
485,1.0,962
486,1.0,5757
487,1.0,1624
488,1.0,1282
489,1.0,3246
490,1.0,1639
491,1.0,1612
492,0.8526315789473684,203
493,1.0,2527
494,0.7142857142857143,700
495,1.0,11223
496,1.0,1850
497,1.0,3114
498,1.0,2922
499,0.6666666666666666,1482
500,1.0,2348
501,1.0,1891
502,1.0,3110
503,1.0,3575
504,0.9054726368159204,145
505,0.9301470588235294,116
506,0.8571428571428571,488
507,1.0,1530
508,1.0,2168
509,0.6666666666666666,-158
510,1.0,2247
511,1.0,5070
512,1.0,1942
513,1.0,3183
514,1.0,6349
515,0.9029596412556053,25
516,0.9,814
517,0.0,-246
518,0.7857142857142857,-98
519,1.0,1893
520,0.75,880
521,1.0,2016
522,1.0,1472
523,1.0,1757
524,1.0,-330
525,1.0,-235
526,0.0,-295
527,1.0,1312
528,1.0,1099
529,0.0,3275
530,1.0,1805
531,1.0,1452
532,1.0,1021
533,1.0,3827
534,1.0,948
535,0.0,2043
536,0.9178082191780822,157
537,0.8333333333333334,1048
538,1.0,-195
539,1.0,5758
540,1.0,8436
541,0.6666666666666666,1347
542,0.0,3474
543,1.0,1897
544,1.0,5940
545,0.8024296675191815,-15
546,0.8942307692307693,181
547,0.8765432098765432,124
548,1.0,1535
549,0.8666666666666667,-101
550,0.8387096774193549,363
551,1.0,1323
552,1.0,1149
553,0.5,1368
554,0.7692307692307693,586
555,1.0,1592
556,1.0,843
557,1.0,1441
558,1.0,1135
559,1.0,1712
560,1.0,2097
561,1.0,2384
562,1.0,9446
563,1.0,1016
564,0.7368421052631579,-88
565,1.0,686
566,1.0,1238
567,0.5454545454545454,-112
568,1.0,1935
569,1.0,852
570,0.0,4494
571,1.0,1737
572,1.0,7070
573,1.0,2715
574,0.8947368421052632,-71
575,0.907035175879397,95
576,0.8363636363636363,268
577,0.9583333333333334,227
578,0.8,925
579,0.9166666666666666,589
580,0.5,-149
581,1.0,1246
582,0.9166666666666666,562
583,1.0,699
584,1.0,1553
585,1.0,2297
586,0.8,760
587,0.9117647058823529,369
588,1.0,2522
589,0.9285714285714286,413
590,1.0,820
591,0.9285714285714286,455
592,0.75,915
593,0.3333333333333333,-202
594,1.0,912
595,1.0,-227
596,1.0,1721
597,1.0,4024
598,1.0,3569
599,0.9370816599732262,71
600,0.9038461538461539,143
601,1.0,642
602,0.7727272727272727,370
603,1.0,703
604,1.0,3545
605,1.0,790
606,1.0,621
607,1.0,1274
608,0.6666666666666666,1902
609,0.875,704
610,1.0,4651
611,1.0,1960
612,1.0,3884
613,1.0,6457
614,0.7828947368421053,-45
615,0.9484536082474226,193
616,0.9285714285714286,161
617,0.9375,443
618,0.90625,365
619,1.0,1669
620,1.0,2101
621,0.6666666666666666,1191
622,1.0,3513
623,1.0,2649
624,1.0,1934
625,1.0,2869
626,1.0,5211
627,1.0,5961
628,1.0,3534
629,1.0,1429
630,0.895829636202307,6
631,0.9276139410187667,68
632,0.9565217391304348,466
633,0.8888888888888888,713
634,0.9142857142857143,342
635,1.0,1242
636,1.0,1012
637,1.0,2498
638,1.0,4456
639,1.0,1520
640,1.0,3217
641,0.9107883817427386,87
642,0.9165402124430956,72
643,0.8987341772151899,215
644,1.0,1608
645,1.0,-265
646,1.0,3328
647,1.0,3580
648,1.0,2027
649,0.8571428571428571,756
650,1.0,7175
651,1.0,3510
652,1.0,1786
653,1.0,2616
654,0.9171374764595104,58
655,0.9655172413793104,320
656,0.9130434782608695,255
657,0.9508196721311475,258
658,1.0,1773
659,1.0,665
660,0.8,-181
661,1.0,3345
662,0.8333333333333334,883
663,0.6666666666666666,854
664,0.4,-119
665,1.0,8725
666,0.0,4058
667,1.0,1259
668,1.0,4747
669,1.0,2207
670,0.0,1665
671,1.0,4088
672,1.0,1098
673,1.0,-133
674,0.9615384615384616,221
675,0.9326923076923077,107
676,1.0,424
677,0.9523809523809523,271
678,0.7647058823529411,-104
679,0.9420289855072463,266
680,1.0,1150
681,0.7777777777777778,1124
682,0.8,997
683,1.0,1769
684,1.0,6042
685,1.0,3733
686,1.0,2164
687,1.0,3094
688,1.0,3608
689,1.0,1817
690,1.0,882
691,1.0,1862
692,1.0,6066
693,1.0,3886
694,0.8957727388247254,9
695,0.8125,-96
696,0.8974358974358975,316
697,0.875,920
698,1.0,2191
699,0.9333333333333333,407
700,0.9473684210526315,554
701,1.0,1476
702,1.0,744
703,1.0,1675
704,1.0,789
705,1.0,897
706,1.0,5403
707,1.0,968
708,1.0,3174
709,0.7925170068027211,-24
710,0.9015995140716744,27
711,0.9163090128755365,63
712,0.9103448275862069,158
713,0.9166666666666666,397
714,1.0,754
715,0.8181818181818182,447
716,0.8888888888888888,389
717,1.0,796
718,0.8888888888888888,856
719,1.0,2255
720,1.0,2281
721,1.0,933
722,1.0,3857
723,1.0,5302
724,1.0,2172
725,1.0,1531
726,1.0,1570
727,1.0,1623
728,1.0,1693
729,1.0,5056
730,1.0,959
731,1.0,2760
732,0.9130832570905764,56
733,0.9027877055039314,51
734,1.0,4671
735,1.0,2864
736,1.0,7242
737,1.0,11021
738,1.0,9392
739,0.0,-169
740,1.0,2287
741,1.0,3261
742,0.8796992481203008,178
743,1.0,4076
744,1.0,702
745,0.96875,353
746,1.0,1739
747,1.0,2444
748,1.0,7711
749,1.0,1164
750,1.0,6709
751,0.9324324324324325,234
752,0.8656716417910447,239
753,0.9473684210526315,341
754,1.0,610
755,0.0,1437
756,0.8888888888888888,891
757,1.0,-136
758,0.0,-198
759,1.0,3502
760,1.0,3905
761,0.8936170212765957,279
762,0.9085714285714286,150
763,1.0,574
764,1.0,1426
765,1.0,1800
766,0.9072085889570553,52
767,0.8620689655172413,346
768,0.9112426035502958,146
769,1.0,608
770,1.0,2066
771,0.9375,546
772,1.0,10036
773,1.0,1762
774,1.0,5073
775,0.0,-290
776,1.0,1307
777,1.0,694
778,1.0,1263
779,1.0,3961
780,1.0,1328
781,1.0,2219
782,1.0,3838
783,1.0,1849
784,1.0,2714
785,0.8888888888888888,577
786,1.0,861
787,0.8888888888888888,446
788,0.7941176470588235,-77
789,0.7769784172661871,-47
790,0.8461538461538461,585
791,0.9166666666666666,459
792,1.0,1046
793,0.8,1103
794,1.0,6889
795,1.0,4316
796,1.0,3387
797,1.0,4716
798,1.0,1236
799,1.0,1253
800,1.0,2140
801,1.0,825
802,0.9495798319327731,174
803,1.0,946
804,1.0,712
805,1.0,1641
806,1.0,2412
807,1.0,3951
808,0.8976241900647948,17
809,0.919175911251981,79
810,0.9124087591240876,170
811,0.9534883720930233,209
812,1.0,661
813,0.7666666666666667,-82
814,0.9090909090909091,-86
815,1.0,1346
816,1.0,1060
817,1.0,1453
818,0.7777777777777778,-121
819,1.0,3501
820,0.9322033898305084,253
821,0.9235127478753541,103
822,0.7935779816513762,-36
823,0.9154929577464789,236
824,1.0,1484
825,1.0,738
826,1.0,3251
827,1.0,1116
828,0.875,675
829,1.0,989
830,1.0,2338
831,1.0,1896
832,1.0,2180
833,0.8099547511312217,-16
834,1.0,1287
835,1.0,3409
836,0.9534883720930233,276
837,1.0,592
838,1.0,1250
839,0.8571428571428571,509
840,1.0,2572
841,1.0,3756
842,1.0,1334
843,0.0,-320
844,1.0,2755
845,1.0,7706
846,0.908256880733945,139
847,0.9552238805970149,246
848,1.0,1190
849,1.0,1196
850,0.7567567567567568,-55
851,1.0,2803
852,1.0,1781
853,1.0,1770
854,1.0,2165
855,1.0,-178
856,1.0,3548
857,0.5,1888
858,1.0,2865
859,1.0,-170
860,1.0,1999
861,0.8873239436619719,226
862,0.9411764705882353,242
863,1.0,817
864,1.0,430
865,0.9473684210526315,453
866,0.6666666666666666,726
867,0.6666666666666666,1230
868,1.0,1121
869,1.0,1009
870,1.0,13134
871,1.0,977
872,1.0,3700
873,1.0,1997
874,0.0,6147
875,0.8998161764705882,41
876,0.6923076923076923,499
877,1.0,1085
878,0.6666666666666666,1114
879,1.0,1783
880,0.75,1273
881,1.0,907
882,1.0,1473
883,1.0,8170
884,1.0,1574
885,0.0,-276
886,1.0,2051
887,1.0,1689
888,1.0,3953
889,1.0,3139
890,1.0,1695
891,1.0,-162
892,0.9108974358974359,28
893,0.901656314699793,33
894,0.9063745019920318,88
895,0.8666666666666667,257
896,0.9230769230769231,248
897,0.6666666666666666,-183
898,0.9629629629629629,208
899,0.8888888888888888,405
900,1.0,519
901,0.9565217391304348,384
902,1.0,1595
903,1.0,2460
904,1.0,-164
905,1.0,3163
906,1.0,4148
907,1.0,2563
908,0.0,1673
909,0.9060773480662984,138
910,0.967032967032967,207
911,1.0,498
912,1.0,1321
913,1.0,866
914,1.0,637
915,1.0,671
916,1.0,2318
917,1.0,4772
918,1.0,6164
919,1.0,1576
920,1.0,3309
921,0.9166666666666666,511
922,1.0,-200
923,1.0,4914
924,1.0,2824
925,0.9387755102040817,307
926,0.9318181818181818,304
927,0.8823529411764706,235
928,0.8571428571428571,649
929,0.8333333333333334,833
930,0.8636363636363636,462
931,0.75,-115
932,1.0,769
933,1.0,813
934,1.0,1206
935,1.0,3887
936,1.0,3446
937,1.0,1100
938,1.0,1948
939,0.5,865
940,0.8928571428571429,114
941,0.7989080982711556,-18
942,0.9285714285714286,434
943,1.0,714
944,0.2,-123
945,1.0,678
946,0.7777777777777778,646
947,0.9090909090909091,599
948,1.0,928
949,1.0,5755
950,0.875,742
951,0.5,1425
952,0.0,1625
953,1.0,1474
954,1.0,2234
955,1.0,4218
956,0.8960612304974978,5
957,0.5,1363
958,1.0,3247
959,1.0,900
960,0.6666666666666666,1331
961,1.0,1597
962,1.0,2383
963,1.0,1083
964,1.0,2582
965,1.0,1884
966,1.0,794
967,1.0,3498
968,0.8730888319873942,1
969,0.9111111111111111,319
970,0.8,896
971,1.0,3235
972,0.8461538461538461,539
973,0.7333333333333333,-110
974,1.0,3412
975,0.8260869565217391,404
976,1.0,2242
977,1.0,1118
978,1.0,901
979,1.0,2628
980,1.0,1071
981,0.0,-371
982,1.0,1583
983,1.0,5559
984,1.0,4722
985,1.0,1909
986,1.0,7381
987,1.0,1040
988,1.0,2876
989,0.7889908256880734,-19
990,0.9288537549407114,115
991,0.9156626506024096,153
992,0.75,1074
993,0.9090909090909091,718
994,1.0,2619
995,1.0,3984
996,1.0,2925
997,1.0,3641
998,1.0,3361
999,1.0,1562
1000,0.8949771689497716,96
1001,0.838,-27
1002,0.8918918918918919,250
1003,0.9642857142857143,377
1004,0.8333333333333334,859
1005,1.0,1132
1006,1.0,743
1007,0.75,-147
1008,1.0,929
1009,1.0,1257
1010,1.0,1609
1011,1.0,1218
1012,1.0,2492
1013,1.0,3121
1014,1.0,1685
1015,1.0,10968
1016,1.0,3259
1017,1.0,1136
1018,1.0,2637
1019,1.0,3143
1020,1.0,1163
1021,1.0,1787
1022,0.8368416378008704,-2
1023,1.0,890
1024,1.0,2396
1025,0.9166666666666666,328
1026,1.0,1534
1027,0.6666666666666666,1126
1028,1.0,1790
1029,1.0,1446
1030,0.875,849
1031,1.0,1726
1032,1.0,1115
1033,1.0,2390
1034,1.0,2747
1035,1.0,1130
1036,0.921875,185
1037,0.967741935483871,375
1038,0.9210526315789473,349
1039,1.0,632
1040,1.0,1054
1041,1.0,2699
1042,1.0,2366
1043,1.0,3130
1044,0.5,-146
1045,1.0,3060
1046,1.0,-173
1047,1.0,2228
1048,0.9180790960451978,104
1049,0.8181818181818182,368
1050,1.0,834
1051,1.0,623
1052,0.8860759493670886,219
1053,1.0,944
1054,1.0,978
1055,0.9411764705882353,515
1056,1.0,3234
1057,1.0,1075
1058,1.0,1388
1059,1.0,2296
1060,1.0,1894
1061,1.0,1232
1062,1.0,1436
1063,1.0,1151
1064,1.0,11390
1065,0.9863013698630136,214
1066,0.9411764705882353,461
1067,0.8571428571428571,449
1068,1.0,1478
1069,1.0,719
1070,1.0,7053
1071,1.0,1493
1072,1.0,538
1073,1.0,1024
1074,1.0,2231
1075,1.0,3769
1076,1.0,5093
1077,0.5,-151
1078,1.0,2855
1079,0.0,5472
1080,0.863013698630137,252
1081,0.9230769230769231,419
1082,1.0,816
1083,0.9090909090909091,556
1084,1.0,1696
1085,0.8333333333333334,818
1086,0.9090909090909091,593
1087,0.8,874
1088,1.0,6154
1089,1.0,1266
1090,1.0,1647
1091,1.0,3449
1092,1.0,1208
1093,0.6666666666666666,-163
1094,1.0,2382
1095,1.0,1475
1096,0.0,4667
1097,1.0,1373
1098,1.0,11711
1099,0.7222222222222222,-97
1100,0.8990282057359564,10
1101,0.8984962406015038,120
1102,0.75,1433
1103,0.8888888888888888,500
1104,0.8333333333333334,748
1105,0.75,945
1106,1.0,1037
1107,1.0,423
1108,1.0,485
1109,0.0,3019
1110,1.0,836
1111,1.0,806
1112,1.0,1278
1113,1.0,1087
1114,1.0,3936
1115,1.0,6450
1116,0.9028077753779697,89
1117,1.0,3349
1118,1.0,5072
1119,1.0,550
1120,1.0,521
1121,1.0,1706
1122,0.6666666666666666,-131
1123,1.0,4262
1124,1.0,2830
1125,1.0,1666
1126,1.0,2831
1127,0.8148148148148148,361
1128,1.0,2357
1129,1.0,1045
1130,1.0,644
1131,0.9354838709677419,364
1132,1.0,501
1133,1.0,537
1134,0.8571428571428571,452
1135,1.0,1487
1136,1.0,2646
1137,1.0,1779
1138,1.0,1588
1139,1.0,2662
1140,1.0,870
1141,0.6666666666666666,-140
1142,0.84375,356
1143,0.9090909090909091,490
1144,1.0,3567
1145,0.9047619047619048,403
1146,1.0,871
1147,1.0,5309
1148,1.0,1822
1149,1.0,3784
1150,1.0,975
1151,0.9090909090909091,741
1152,1.0,1000
1153,1.0,1517
1154,1.0,2010
1155,1.0,1066
1156,1.0,784
1157,1.0,2286
1158,1.0,923
1159,1.0,2840
1160,1.0,2036
1161,1.0,1381
1162,1.0,1944
1163,0.941747572815534,128
1164,0.9285714285714286,197
1165,0.9375,497
1166,0.9375,464
1167,1.0,1239
1168,1.0,697
1169,0.5,-177
1170,1.0,2670
1171,1.0,2663
1172,1.0,3493
1173,1.0,4356
1174,1.0,1322
1175,0.5,1926
1176,1.0,838
1177,1.0,6747
1178,1.0,1512
1179,0.0,4029
1180,1.0,2970
1181,1.0,911
1182,1.0,1744
1183,1.0,1112
1184,1.0,1808
1185,0.9083969465648855,85
1186,0.9046242774566474,106
1187,0.8746081504702194,111
1188,0.9361702127659575,332
1189,1.0,867
1190,1.0,575
1191,1.0,8362
1192,0.8181818181818182,735
1193,1.0,815
1194,0.5,1947
1195,1.0,1310
1196,1.0,2222
1197,1.0,2625
1198,1.0,2808
1199,1.0,1556
1200,1.0,1228
1201,1.0,2367
1202,1.0,3729
1203,1.0,2805
1204,1.0,1456
1205,0.7857142857142857,-28
1206,0.8846153846153846,411
1207,0.7222222222222222,-84
1208,0.9423076923076923,301
1209,0.4,-124
1210,1.0,548
1211,1.0,4966
1212,1.0,1809
1213,1.0,5886
1214,0.8333333333333334,903
1215,1.0,1804
1216,0.8852459016393442,177
1217,1.0,1231
1218,1.0,1734
1219,0.0,5807
1220,0.0,2484
1221,1.0,2789
1222,1.0,1643
1223,1.0,1435
1224,0.8144416456759026,-17
1225,1.0,2090
1226,1.0,2006
1227,0.9090909090909091,460
1228,0.7586206896551724,-81
1229,1.0,950
1230,0.6666666666666666,797
1231,1.0,1764
1232,1.0,1832
1233,1.0,1879
1234,1.0,3421
1235,1.0,2298
1236,0.6666666666666666,3152
1237,0.0,3428
1238,1.0,9118
1239,1.0,3070
1240,0.0,4956
1241,1.0,1558
1242,1.0,6841
1243,0.9389312977099237,179
1244,1.0,1237
1245,0.9411764705882353,448
1246,1.0,2253
1247,1.0,563
1248,0.9285714285714286,557
1249,0.781021897810219,-46
1250,1.0,306
1251,1.0,659
1252,1.0,1023
1253,0.9230769230769231,441
1254,1.0,1424
1255,1.0,5840
1256,0.3333333333333333,-160
1257,0.0,4249
1258,1.0,7468
1259,0.0,1251
1260,1.0,1651
1261,1.0,7296
1262,1.0,2163
1263,1.0,5146
1264,0.9136094674556213,67
1265,0.9218543046357616,48
1266,0.9178082191780822,224
1267,1.0,673
1268,0.8,517
1269,1.0,953
1270,1.0,1920
1271,1.0,755
1272,1.0,3115
1273,1.0,2315
1274,1.0,2256
1275,0.9121621621621622,168
1276,0.8507462686567164,254
1277,0.9191919191919192,142
1278,1.0,749
1279,0.9148936170212766,324
1280,0.8421052631578947,481
1281,1.0,2205
1282,0.75,761
1283,0.8333333333333334,1187
1284,1.0,927
1285,1.0,1295
1286,1.0,1400
1287,0.0,7288
1288,1.0,2559
1289,1.0,1314
1290,1.0,5679
1291,0.9305555555555556,247
1292,0.8929503916449086,100
1293,0.0,2912
1294,1.0,1617
1295,0.9523809523809523,467
1296,1.0,2608
1297,1.0,992
1298,1.0,528
1299,1.0,2503
1300,1.0,2664
1301,1.0,581
1302,0.8949771689497716,131
1303,0.9134078212290503,105
1304,1.0,850
1305,0.8863636363636364,318
1306,1.0,2676
1307,1.0,7678
1308,1.0,1970
1309,0.0,-180
1310,0.8,1412
1311,0.8333333333333334,1013
1312,0.0,-269
1313,0.5,1172
1314,1.0,4531
1315,1.0,5286
1316,1.0,4089
1317,0.967741935483871,451
1318,1.0,654
1319,0.8545454545454545,294
1320,1.0,800
1321,0.6666666666666666,993
1322,1.0,-357
1323,0.6666666666666666,1406
1324,1.0,5088
1325,1.0,2410
1326,1.0,3290
1327,1.0,3237
1328,1.0,1765
1329,0.927170868347339,108
1330,0.9142857142857143,333
1331,0.9489795918367347,218
1332,1.0,3537
1333,0.9,339
1334,1.0,1079
1335,1.0,934
1336,1.0,1137
1337,1.0,4228
1338,1.0,3891
1339,1.0,3089
1340,1.0,1047
1341,1.0,3771
1342,0.9047619047619048,44
1343,1.0,471
1344,0.9148936170212766,309
1345,0.9191489361702128,132
1346,1.0,1332
1347,0.896551724137931,392
1348,1.0,804
1349,0.9090909090909091,540
1350,0.8571428571428571,611
1351,1.0,1068
1352,1.0,3006
1353,1.0,-176
1354,0.6666666666666666,947
1355,1.0,2813
1356,1.0,2768
1357,1.0,3701
1358,0.9458333333333333,127
1359,0.8985507246376812,123
1360,0.9117647058823529,345
1361,0.7777777777777778,-103
1362,1.0,746
1363,0.8,552
1364,1.0,683
1365,1.0,951
1366,1.0,1561
1367,1.0,1007
1368,1.0,641
1369,1.0,3908
1370,1.0,1486
1371,1.0,1011
1372,1.0,1410
1373,0.0,2629
1374,1.0,1357
1375,0.9047619047619048,210
1376,1.0,1117
1377,1.0,590
1378,1.0,1555
1379,1.0,1255
1380,0.7892376681614349,-38
1381,0.9090909090909091,205
1382,1.0,1569
1383,1.0,6467
1384,1.0,994
1385,1.0,3459
1386,0.8888888888888888,731
1387,1.0,2195
1388,1.0,2964
1389,1.0,6011
1390,0.0,-321
1391,1.0,3524
1392,1.0,2265
1393,1.0,2778
1394,0.8823529411764706,559
1395,0.8611111111111112,352
1396,1.0,2199
1397,0.9402985074626866,225
1398,0.8888888888888888,682
1399,0.9230769230769231,323
1400,1.0,1688
1401,1.0,1885
1402,0.875,981
1403,1.0,7066
1404,1.0,2013
1405,1.0,10024
1406,1.0,1678
1407,1.0,1244
1408,1.0,1663
1409,1.0,5267
1410,1.0,1308
1411,1.0,1857
1412,1.0,1577
1413,1.0,2052
1414,0.8241430700447094,-6
1415,0.9574468085106383,220
1416,1.0,3666
1417,0.9215686274509803,249
1418,0.9487179487179487,383
1419,1.0,1856
1420,1.0,762
1421,0.5714285714285714,-122
1422,1.0,795
1423,0.92,381
1424,1.0,1842
1425,0.8888888888888888,822
1426,1.0,1084
1427,1.0,688
1428,1.0,2061
1429,1.0,1354
1430,1.0,819
1431,1.0,11589
1432,0.0,-199
1433,1.0,3777
1434,1.0,1959
1435,1.0,1155
1436,0.9036269430051813,61
1437,0.9464285714285714,303
1438,0.0,-222
1439,1.0,1309
1440,0.0,2732
1441,1.0,3895
1442,1.0,1812
1443,1.0,2312
1444,0.8195488721804511,-48
1445,0.7976190476190477,-57
1446,1.0,940
1447,0.8,-114
1448,0.9259259259259259,379
1449,1.0,1005
1450,1.0,777
1451,1.0,2190
1452,1.0,3169
1453,1.0,995
1454,1.0,2335
1455,1.0,988
1456,1.0,1348
1457,0.5,3480
1458,1.0,1207
1459,1.0,1392
1460,1.0,3726
1461,1.0,3932
1462,1.0,5930
1463,1.0,2533
1464,0.9090909090909091,580
1465,0.9375,535
1466,1.0,1745
1467,1.0,1925
1468,1.0,567
1469,1.0,4663
1470,1.0,6533
1471,1.0,5914
1472,1.0,1432
1473,1.0,8691
1474,0.9,213
1475,0.9081632653061225,192
1476,1.0,2224
1477,0.75,473
1478,0.793859649122807,-39
1479,0.9333333333333333,337
1480,0.8823529411764706,440
1481,0.9,573
1482,1.0,454
1483,1.0,1192
1484,0.8571428571428571,653
1485,0.5,921
1486,1.0,3967
1487,1.0,1880
1488,1.0,1264
1489,0.9177215189873418,156
1490,0.6,1153
1491,1.0,1107
1492,1.0,4414
1493,1.0,3041
1494,1.0,841
1495,1.0,1524
1496,0.5,1146
1497,1.0,1122
1498,1.0,1271
1499,1.0,1691
1500,0.6976744186046512,-68
1501,0.9,636
1502,1.0,1340
1503,1.0,4723
1504,0.875,429
1505,1.0,628
1506,1.0,587
1507,1.0,1544
1508,1.0,2406
1509,0.8,846
1510,1.0,2183
1511,0.9390243902439024,160
1512,1.0,1772
1513,1.0,283
1514,1.0,715
1515,0.6666666666666666,957
1516,1.0,6372
1517,1.0,1572
1518,1.0,1631
1519,1.0,3039
1520,0.0,-208
1521,1.0,941
1522,1.0,1743
1523,1.0,1977
1524,1.0,6632
1525,0.898332093912674,3
1526,1.0,982
1527,0.8947368421052632,435
1528,1.0,576
1529,1.0,1890
1530,0.875,979
1531,1.0,1227
1532,0.8571428571428571,863
1533,1.0,4305
1534,1.0,1451
1535,1.0,1662
1536,1.0,-278
1537,0.87,206
1538,0.8846153846153846,382
1539,1.0,6394
1540,0.9411764705882353,482
1541,0.9444444444444444,478
1542,1.0,2685
1543,1.0,-188
1544,0.875,618
1545,1.0,12711
1546,1.0,3546
1547,1.0,1915
1548,1.0,14253
1549,0.9063640048642075,37
1550,0.9090909090909091,101
1551,0.9148936170212766,292
1552,0.8636363636363636,431
1553,1.0,-267
1554,1.0,1090
1555,1.0,2466
1556,1.0,1465
1557,1.0,1372
1558,1.0,2004
1559,1.0,776
1560,1.0,3544
1561,1.0,11430
1562,1.0,1931
1563,1.0,3083
1564,0.8242370238360437,-8
1565,0.8189944134078212,-14
1566,0.8181818181818182,-106
1567,1.0,362
1568,0.902803738317757,83
1569,1.0,2257
1570,0.0,4038
1571,1.0,8191
1572,1.0,1430
1573,0.6666666666666666,1265
1574,1.0,8666
1575,1.0,1580
1576,0.0,5178
1577,1.0,9732
1578,1.0,2323
1579,0.95,491
1580,0.625,-73
1581,0.8363636363636363,-63
1582,0.7867647058823529,-44
1583,1.0,2003
1584,1.0,2251
1585,1.0,919
1586,0.5,905
1587,1.0,7155
1588,0.0,1366
1589,1.0,1189
1590,0.0,4584
1591,0.8965693566381554,12
1592,0.75,1044
1593,0.831081081081081,-33
1594,0.8865979381443299,200
1595,0.9666666666666667,355
1596,0.9122807017543859,295
1597,1.0,952
1598,0.8181818181818182,655
1599,1.0,6314
1600,1.0,1466
1601,1.0,2306
1602,1.0,1803
1603,1.0,4759
1604,1.0,2102
1605,1.0,3270
1606,1.0,2571
1607,0.8333333333333334,826
1608,0.9772727272727273,288
1609,0.9461077844311377,141
1610,0.8571428571428571,543
1611,1.0,1672
1612,1.0,1201
1613,1.0,2352
1614,0.8,855
1615,1.0,2087
1616,1.0,879
1617,1.0,942
1618,1.0,4048
1619,0.9062233589087809,55
1620,1.0,943
1621,0.92,373
1622,1.0,3268
1623,0.7777777777777778,544
1624,1.0,922
1625,1.0,614
1626,1.0,1056
1627,1.0,2328
1628,1.0,1464
1629,1.0,5853
1630,1.0,1912
1631,1.0,1397
1632,1.0,2142
1633,1.0,3003
1634,1.0,2788
1635,0.7857142857142857,-72
1636,0.9096296296296297,74
1637,0.8913043478260869,322
1638,0.9473684210526315,280
1639,1.0,996
1640,1.0,872
1641,0.9047619047619048,390
1642,0.8,893
1643,0.9285714285714286,664
1644,1.0,1378
1645,1.0,-156
1646,0.875,492
1647,1.0,2045
1648,1.0,1387
1649,1.0,1102
1650,1.0,6159
1651,1.0,1289
1652,1.0,2911
1653,1.0,3862
1654,1.0,2515
1655,0.897736543975384,8
1656,0.9112734864300627,62
1657,0.8974358974358975,334
1658,0.9375,658
1659,0.9385964912280702,182
1660,0.8823529411764706,512
1661,0.875,668
1662,1.0,1062
1663,1.0,1506
1664,1.0,1143
1665,1.0,2532
1666,1.0,3184
1667,1.0,1585
1668,1.0,1853
1669,1.0,2640
1670,1.0,1261
1671,1.0,2990
1672,1.0,2682
1673,1.0,1664
1674,1.0,1225
1675,1.0,2539
1676,1.0,1120
1677,0.6666666666666666,1058
1678,1.0,1798
1679,1.0,1355
1680,1.0,15178
1681,1.0,2510
1682,1.0,1910
1683,0.9292929292929293,186
1684,0.8,910
1685,1.0,1113
1686,1.0,-187
1687,1.0,1707
1688,1.0,1096
1689,1.0,1327
1690,1.0,7306
1691,0.5,1398
1692,1.0,1758
1693,0.7555555555555555,-70
1694,1.0,331
1695,1.0,1186
1696,1.0,1655
1697,0.7142857142857143,772
1698,1.0,1468
1699,0.8888888888888888,710
1700,1.0,1522
1701,0.0,1619
1702,0.5,-212
1703,1.0,3411
1704,1.0,3027
1705,1.0,1166
1706,0.5,1818
1707,1.0,11233
1708,1.0,3611
1709,1.0,2829
1710,1.0,1903
1711,1.0,1982
1712,0.9562043795620438,171
1713,0.8081632653061225,-37
1714,1.0,747
1715,1.0,906
1716,0.8,631
1717,1.0,5437
1718,1.0,480
1719,1.0,1510
1720,1.0,2054
1721,1.0,2461
1722,1.0,1518
1723,0.8571428571428571,792
1724,1.0,1491
1725,0.5,2025
1726,0.8957504120934346,11
1727,0.8648648648648649,290
1728,0.9131326949384405,49
1729,0.8,803
1730,1.0,2044
1731,0.6666666666666666,1091
1732,1.0,514
1733,1.0,4813
1734,0.9166666666666666,437
1735,1.0,1341
1736,1.0,2730
1737,1.0,591
1738,0.875,716
1739,1.0,2389
1740,1.0,1291
1741,1.0,775
1742,1.0,1423
1743,1.0,3837
1744,1.0,2133
1745,1.0,4330
1746,1.0,4002
1747,1.0,4604
1748,0.0,1703
1749,1.0,13265
1750,1.0,15646
1751,0.9059269469331496,35
1752,1.0,1248
1753,1.0,1125
1754,1.0,639
1755,0.9375,560
1756,1.0,1080
1757,1.0,1801
1758,1.0,1725
1759,1.0,4704
1760,1.0,2194
1761,1.0,1496
1762,0.92,371
1763,0.7906976744186046,-54
1764,1.0,1209
1765,0.9090909090909091,1138
1766,0.8,507
1767,0.5,1034
1768,1.0,1393
1769,1.0,2011
1770,1.0,1339
1771,1.0,2931
1772,1.0,1035
1773,1.0,2505
1774,0.8179431072210066,-12
1775,0.9358974358974359,166
1776,0.8939393939393939,260
1777,1.0,2029
1778,0.9545454545454546,468
1779,1.0,1001
1780,1.0,740
1781,1.0,1018
1782,1.0,1648
1783,1.0,2058
1784,1.0,2179
1785,1.0,2089
1786,1.0,801
1787,0.6666666666666666,753
1788,1.0,1167
1789,1.0,2792
1790,0.0,6438
1791,1.0,4203
1792,1.0,778
1793,0.9051878354203936,80
1794,0.8181818181818182,774
1795,1.0,622
1796,1.0,6884
1797,0.9090909090909091,-105
1798,1.0,807
1799,1.0,1490
1800,1.0,10312
1801,0.5,1402
1802,0.0,3674
1803,1.0,1448
1804,1.0,2254
1805,1.0,3097
1806,0.8256712026480324,-4
1807,0.9166666666666666,327
1808,0.8095238095238095,-87
1809,0.9428571428571428,380
1810,0.8148148148148148,400
1811,0.6666666666666666,1171
1812,1.0,2380
1813,0.918918918918919,321
1814,1.0,829
1815,1.0,886
1816,1.0,3160
1817,0.875,785
1818,1.0,-260
1819,0.75,750
1820,1.0,5047
1821,1.0,1179
1822,1.0,1418
1823,1.0,2693
1824,1.0,2402
1825,1.0,2519
1826,0.9072164948453608,199
1827,1.0,1337
1828,0.9166666666666666,477
1829,0.8,-144
1830,0.75,1335
1831,1.0,1161
1832,1.0,4751
1833,1.0,1364
1834,0.8938554385777516,2
1835,0.9310344827586207,269
1836,0.8947368421052632,465
1837,0.8,518
1838,1.0,1379
1839,0.0,-390
1840,1.0,1589
1841,1.0,5563
1842,1.0,4207
1843,1.0,2145
1844,1.0,4682
1845,1.0,7088
1846,1.0,1653
1847,1.0,-228
1848,0.8070931388796818,-10
1849,0.9158016147635525,66
1850,0.8648648648648649,-53
1851,0.9433962264150944,154
1852,0.9361702127659575,265
1853,0.9166666666666666,432
1854,1.0,1063
1855,0.42857142857142855,-137
1856,1.0,1303
1857,1.0,1031
1858,1.0,1802
1859,1.0,8804
1860,1.0,1306
1861,1.0,1546
1862,0.6666666666666666,884
1863,1.0,508
1864,1.0,3077
1865,0.0,-174
1866,0.75,1489
1867,1.0,657
1868,0.95,520
1869,0.5,2727
1870,1.0,6161
1871,1.0,4958
1872,1.0,954
1873,1.0,615
1874,0.7741935483870968,-78
1875,0.9305555555555556,162
1876,0.8717948717948718,344
1877,0.9411764705882353,244
1878,0.75,1198
1879,0.875,869
1880,1.0,2916
1881,0.75,1234
1882,1.0,967
1883,0.9090909090909091,689
1884,1.0,1399
1885,1.0,2395
1886,1.0,1699
1887,1.0,1593
1888,1.0,2248
1889,1.0,4688
1890,1.0,1292
1891,0.9444444444444444,525
1892,0.8888888888888888,428
1893,1.0,3373
1894,0.9444444444444444,553
1895,1.0,433
1896,0.5,1515
1897,1.0,3281
1898,0.0,1933
1899,1.0,4012
1900,1.0,1438
1901,0.7681159420289855,-34
1902,0.8827160493827161,164
1903,0.9166666666666666,503
1904,1.0,3504
1905,0.9,711
1906,1.0,931
1907,0.7142857142857143,1076
1908,0.9,605
1909,1.0,1350
1910,1.0,821
1911,0.7,-117
1912,1.0,7621
1913,1.0,1301
1914,1.0,875
1915,1.0,3172
1916,1.0,2733
1917,1.0,6095
1918,1.0,1528
1919,0.9318181818181818,176
1920,0.8636363636363636,495
1921,0.896551724137931,360
1922,1.0,2902
1923,1.0,1194
1924,0.75,986
1925,1.0,1356
1926,1.0,3222
1927,1.0,1082
1928,1.0,5378
1929,0.9304347826086956,134
1930,0.9333333333333333,245
1931,0.8888888888888888,645
1932,1.0,1344
1933,0.7647058823529411,-62
1934,0.75,536
1935,0.9795918367346939,329
1936,1.0,1369
1937,0.8666666666666667,504
1938,1.0,971
1939,0.875,732
1940,1.0,1626
1941,1.0,1859
1942,0.0,3140
1943,1.0,1611
1944,1.0,1590
1945,1.0,3363
1946,1.0,3090
1947,1.0,8506
1948,0.8076923076923077,-75
1949,0.9629629629629629,359
1950,1.0,6720
1951,0.9583333333333334,422
1952,1.0,7262
1953,1.0,634
1954,1.0,1719
1955,1.0,3358
1956,1.0,1097
1957,1.0,1027
1958,1.0,1635
1959,1.0,7347
1960,1.0,1751
1961,0.9030206677265501,76
1962,0.967741935483871,175
1963,0.9057591623036649,102
1964,0.8333333333333334,426
1965,1.0,4846
1966,1.0,1386
1967,1.0,1825
1968,0.6666666666666666,1784
1969,1.0,1204
1970,0.0,4927
1971,1.0,2683
1972,0.75,914
1973,0.748792270531401,-40
1974,1.0,565
1975,0.8,-102
1976,0.8888888888888888,606
1977,0.8,991
1978,1.0,2467
1979,1.0,6224
1980,1.0,1182
1981,1.0,1973
1982,0.9259259259259259,233
1983,0.8571428571428571,684
1984,0.8,745
1985,1.0,506
1986,1.0,827
1987,0.7142857142857143,729
1988,1.0,2320
1989,1.0,6084
1990,1.0,892
1991,1.0,3509
1992,1.0,1203
1993,1.0,2618
1994,1.0,1823
1995,1.0,5004
1996,1.0,2329
1997,0.895616036505867,4
1998,0.9116161616161617,92
1999,0.944,163
2000,0.8831168831168831,230
2001,0.9259259259259259,391
2002,1.0,898
2003,1.0,1088
2004,0.8571428571428571,549
2005,1.0,1188
2006,1.0,1408
2007,1.0,1658
2008,1.0,727
2009,1.0,1714
2010,1.0,1753
2011,1.0,5044
2012,1.0,1670
2013,1.0,2063
2014,1.0,1847
2015,0.5,-148
2016,0.9545454545454546,308
2017,0.75,-150
2018,1.0,899
2019,0.8,1221
2020,0.8181818181818182,604
2021,1.0,1095
2022,1.0,842
2023,1.0,930
2024,0.6666666666666666,1317
2025,1.0,1305
2026,1.0,2459
2027,1.0,1814
2028,1.0,810
2029,0.6666666666666666,1065
2030,1.0,8702
2031,1.0,1962
2032,1.0,5963
2033,0.0,3965
2034,0.9444444444444444,524
2035,0.8968253968253969,118
2036,0.6666666666666666,1078
2037,0.5714285714285714,-128
2038,1.0,1872
2039,0.8333333333333334,805
2040,1.0,1863
2041,1.0,3164
2042,1.0,763
2043,1.0,2739
2044,0.9001334400854016,13
2045,0.8769230769230769,272
2046,1.0,-153
2047,1.0,916
2048,1.0,687
2049,1.0,4766
2050,0.9230769230769231,568
2051,1.0,765
2052,1.0,1788
2053,1.0,1160
2054,1.0,1861
2055,1.0,3492
2056,1.0,3395
2057,0.0,1455
2058,1.0,652
2059,0.9148936170212766,305
2060,1.0,1600
2061,1.0,1272
2062,1.0,2188
2063,1.0,1479
2064,0.0,4297
2065,1.0,2655
2066,1.0,2141
2067,0.9006788138620936,36
2068,0.803921568627451,302
2069,0.9119878603945372,75
2070,0.8571428571428571,603
2071,1.0,2678
2072,1.0,722
2073,1.0,2450
2074,1.0,2035
2075,1.0,1971
2076,1.0,2200
2077,1.0,1667
2078,1.0,2252
2079,1.0,984
2080,1.0,2034
2081,1.0,1557
2082,1.0,2554
2083,0.8180379746835443,-23
2084,0.9219858156028369,172
2085,0.8,1053
2086,1.0,7007
2087,1.0,613
2088,0.0,-171
2089,0.9136029411764706,78
2090,0.9230769230769231,408
2091,1.0,-142
2092,0.9411764705882353,314
2093,1.0,1462
2094,1.0,1370
2095,1.0,1173
2096,1.0,-236
2097,1.0,2046
2098,1.0,924
2099,0.8,1275
2100,1.0,10050
2101,1.0,973
2102,1.0,1101
2103,1.0,2262
2104,0.8571428571428571,579
2105,0.8695652173913043,-83
2106,1.0,2541
2107,0.0,-283
2108,1.0,5989
2109,1.0,1824
2110,1.0,1519
2111,1.0,2385
2112,0.75,780
2113,0.6666666666666666,-223
2114,1.0,4332
2115,1.0,2897
2116,0.7670250896057348,-32
2117,1.0,672
2118,1.0,1020
2119,1.0,904
2120,1.0,1072
2121,1.0,3085
2122,1.0,955
2123,1.0,3191
2124,1.0,2093
2125,1.0,6026
2126,0.8937906908949568,18
2127,0.9244604316546763,125
2128,0.8,679
2129,0.9239130434782609,140
2130,0.8936170212765957,298
2131,1.0,1613
2132,0.8947368421052632,410
2133,1.0,1416
2134,0.6666666666666666,1015
2135,0.6666666666666666,-165
2136,0.8888888888888888,533
2137,1.0,1830
2138,0.0,2946
2139,1.0,3402
2140,1.0,2343
2141,0.8627450980392157,289
2142,1.0,6570
2143,0.5,1129
2144,1.0,1156
2145,0.875,607
2146,1.0,1499
2147,1.0,1541
2148,0.0,3260
2149,1.0,983
2150,1.0,2386
2151,1.0,1615
2152,1.0,4998
2153,1.0,2109
2154,1.0,1290
2155,0.8034188034188035,-51
2156,1.0,670
2157,0.8309859154929577,-59
2158,1.0,8262
2159,0.6666666666666666,1036
2160,1.0,1070
2161,0.6666666666666666,-126
2162,1.0,5259
2163,1.0,13724
2164,1.0,-248
2165,0.9137254901960784,69
2166,1.0,1791
2167,0.8888888888888888,475
2168,1.0,1628
2169,1.0,913
2170,1.0,2258
2171,1.0,1148
2172,1.0,-292
2173,0.5,-157
2174,1.0,4014
2175,1.0,1750
2176,1.0,1646
2177,1.0,3912
2178,1.0,1575
2179,1.0,1086
2180,1.0,4081
2181,0.8980663495397542,14
2182,1.0,681
2183,0.9743589743589743,374
2184,1.0,860
2185,1.0,1162
2186,1.0,3422
2187,1.0,2500
2188,0.75,1318
2189,1.0,1123
2190,1.0,7006
2191,1.0,1014
2192,0.3333333333333333,1705
2193,0.8,733
2194,1.0,935
2195,0.8571428571428571,594
2196,1.0,-196
2197,1.0,1649
2198,0.0,1509
2199,1.0,1554
2200,1.0,3527
2201,0.5,1865
2202,1.0,2867
2203,1.0,12313
2204,0.0,1359
2205,1.0,2081
2206,1.0,2166
2207,0.8409090909090909,286
2208,0.9347826086956522,216
2209,0.8181818181818182,598
2210,1.0,864
2211,1.0,1304
2212,1.0,6245
2213,1.0,1573
2214,1.0,1311
2215,1.0,840
2216,1.0,767
2217,1.0,1109
2218,1.0,5538
2219,1.0,1170
2220,1.0,2074
2221,1.0,3529
2222,0.0,3768
2223,1.0,1197
2224,1.0,6020
2225,1.0,5399
2226,1.0,583
2227,1.0,1223
2228,1.0,1974
2229,1.0,782
2230,1.0,791
2231,1.0,5123
2232,1.0,999
2233,1.0,1735
2234,1.0,3565
2235,0.0,3826
2236,0.9111111111111111,173
2237,0.8796296296296297,194
2238,0.900523560209424,137
2239,0.8333333333333334,505
2240,0.8571428571428571,601
2241,1.0,626
2242,1.0,2521
2243,0.0,-226
2244,1.0,692
2245,1.0,2811
2246,1.0,1563
2247,0.5,1917
2248,1.0,2150
2249,1.0,3297
2250,1.0,5153
2251,1.0,1922
2252,0.0,3088
2253,1.0,5855
2254,1.0,5060
2255,1.0,2233
2256,1.0,5633
2257,1.0,-152
2258,0.9077651272866829,21
2259,0.9090909090909091,238
2260,0.9276595744680851,135
2261,1.0,881
2262,0.9444444444444444,547
2263,0.8888888888888888,809
2264,1.0,877
2265,0.8,-130
2266,1.0,2793
2267,1.0,2599
2268,1.0,4360
2269,1.0,2907
2270,1.0,2311
2271,1.0,1177
2272,0.8333333333333334,1298
2273,0.7142857142857143,-85
2274,0.8,1226
2275,1.0,-120
2276,1.0,1946
2277,1.0,1216
2278,1.0,701
2279,1.0,2292
2280,1.0,2127
2281,1.0,2249
2282,1.0,7085
2283,1.0,1767
2284,0.8942398489140698,59
2285,0.9218106995884774,122
2286,0.9012875536480687,129
2287,0.8,372
2288,0.85,542
2289,1.0,-307
2290,1.0,2125
2291,1.0,620
2292,1.0,1470
2293,1.0,1413
2294,1.0,2799
2295,0.8857142857142857,335
2296,1.0,1093
2297,0.9375,651
2298,0.25,-125
2299,1.0,960
2300,1.0,1352
2301,0.8571428571428571,759
2302,1.0,1401
2303,1.0,1333
2304,1.0,1981
2305,1.0,1941
2306,1.0,2948
2307,1.0,2132
2308,1.0,1169
2309,1.0,2901
2310,1.0,3340
2311,0.9090909090909091,310
2312,1.0,1996
2313,0.9821428571428571,313
2314,0.8666666666666667,493
2315,1.0,868
2316,0.9615384615384616,393
2317,1.0,2528
2318,1.0,2847
2319,1.0,-155
2320,1.0,1686
2321,1.0,1030
2322,0.9,627
2323,0.6666666666666666,985
2324,1.0,10334
2325,1.0,4078
2326,1.0,3356
2327,1.0,1385
2328,1.0,4317
2329,0.804,-22
2330,0.8986434782608695,15
2331,0.9202127659574468,81
2332,1.0,9587
2333,0.8759124087591241,165
2334,0.9295774647887324,223
2335,0.9545454545454546,315
2336,0.8,878
2337,1.0,1701
2338,1.0,1621
2339,1.0,1320
2340,1.0,2053
2341,1.0,1796
2342,1.0,2483
2343,1.0,1605
2344,0.0,-175
2345,1.0,7330
2346,1.0,-231
2347,1.0,4569
2348,1.0,1579
2349,0.9306930693069307,180
2350,0.9361702127659575,195
2351,0.95,438
2352,0.9629629629629629,436
2353,1.0,1992
2354,1.0,1457
2355,0.8888888888888888,811
2356,0.8461538461538461,648
2357,0.0,2638
2358,1.0,1417
2359,1.0,1749
2360,0.9077112387202625,38
2361,0.9161676646706587,82
2362,0.9393939393939394,350
2363,1.0,523
2364,0.5555555555555556,695
2365,1.0,1871
2366,1.0,1396
2367,1.0,609
2368,0.8823529411764706,472
2369,0.0,-211
2370,0.6666666666666666,1220
2371,0.3333333333333333,-129
2372,1.0,2108
2373,1.0,1780
2374,1.0,4338
2375,1.0,1500
2376,1.0,2135
2377,0.9285714285714286,97
2378,0.9095238095238095,133
2379,0.9545454545454546,351
2380,0.7446808510638298,-69
2381,0.8125,470
2382,1.0,980
2383,1.0,4679
2384,0.5,723
2385,1.0,1630
2386,1.0,663
2387,1.0,7588
2388,1.0,2597
2389,0.9098966026587888,30
2390,0.8974763406940063,73
2391,0.9082969432314411,42
2392,0.9265536723163842,151
2393,0.5,582
2394,0.8012422360248447,-43
2395,0.875,895
2396,1.0,1746
2397,1.0,401
2398,1.0,708
2399,1.0,1180
2400,1.0,8885
2401,0.8,1028
2402,0.0,-132
2403,1.0,2189
2404,1.0,2307
2405,1.0,2751
2406,1.0,3568
2407,1.0,2161
2408,0.9090909090909091,457
2409,1.0,1276
2410,0.9067245119305857,90
2411,0.8768115942028986,159
2412,0.8518518518518519,256
2413,1.0,690
2414,1.0,2381
2415,1.0,851
2416,1.0,709
2417,1.0,3450
2418,1.0,3490
2419,1.0,4041
2420,1.0,3071
2421,1.0,2721
2422,1.0,1852
2423,1.0,3107
2424,0.8846153846153846,445
2425,0.8043478260869565,-64
2426,1.0,425
2427,0.75,1104
2428,0.9210526315789473,312
2429,0.6,1029
2430,0.9166666666666666,685
2431,0.967741935483871,338
2432,1.0,643
2433,1.0,771
2434,0.0,7229
2435,1.0,680
2436,1.0,1377
2437,1.0,2073
2438,0.0,2008
2439,1.0,3192
2440,1.0,4149
2441,0.8536585365853658,297
2442,1.0,674
2443,1.0,1763
2444,1.0,3055
2445,1.0,1043
2446,0.75,-143
2447,1.0,764
2448,1.0,1848
2449,1.0,1421
2450,0.8181818181818182,597
2451,1.0,812
2452,1.0,4793
2453,1.0,5864
2454,1.0,1965
2455,1.0,2274
2456,0.9096753959542104,23
2457,0.9392857142857143,117
2458,0.9361702127659575,291
2459,1.0,1019
2460,1.0,783
2461,0.0,2713
2462,1.0,7459
2463,1.0,1229
2464,1.0,4180
2465,0.915057915057915,121
2466,0.875,824
2467,1.0,1176
2468,1.0,1828
2469,1.0,4757
2470,0.5,1285
2471,1.0,3583
2472,1.0,2465
2473,1.0,-219
2474,0.82456608811749,-9
2475,0.7922077922077922,-42
2476,0.9065363469761759,46
2477,0.75,-56
2478,0.9454545454545454,284
2479,1.0,1414
2480,0.9876543209876543,217
2481,0.9375,409
2482,1.0,7716
2483,0.9629629629629629,358
2484,1.0,494
2485,1.0,4097
2486,0.8,1008
2487,1.0,987
2488,1.0,1660
2489,1.0,2614
2490,1.0,1841
2491,1.0,4658
2492,1.0,6582
2493,1.0,11575
2494,1.0,2561
2495,0.9009009009009009,20
2496,0.9167785234899329,70
2497,0.7941176470588235,-74
2498,1.0,479
2499,1.0,1874
2500,1.0,-225
2501,1.0,1759
2502,0.6666666666666666,1525
2503,0.5,1680
2504,1.0,1383
2505,1.0,2028
2506,1.0,848
2507,0.5,1422
2508,1.0,1215
2509,1.0,-322
2510,1.0,4673
2511,1.0,2363
2512,1.0,5522
2513,1.0,781
2514,0.8888888888888888,300
2515,1.0,-92
2516,0.875,616
2517,1.0,1168
2518,0.8333333333333334,1004
2519,1.0,1178
2520,1.0,1901
2521,1.0,2716
2522,0.6666666666666666,1133
2523,1.0,1365
2524,1.0,3065
2525,1.0,2407
2526,1.0,1993
2527,1.0,2645
2528,0.8097028958254983,-11
2529,0.9102564102564102,99
2530,0.75,976
2531,0.9166666666666666,617
2532,1.0,510
2533,1.0,1989
2534,1.0,799
2535,1.0,444
2536,1.0,676
2537,1.0,4046
2538,1.0,937
2539,1.0,630
2540,0.5,1792
2541,1.0,3404
2542,1.0,1713
2543,0.0,1181
2544,1.0,2065
2545,1.0,2284
2546,1.0,1674
2547,0.9390243902439024,231
2548,0.9375,387
2549,1.0,1140
2550,1.0,5209
2551,1.0,1349
2552,1.0,885
2553,1.0,4843
2554,0.8,-93
2555,1.0,2594
2556,1.0,3244
2557,1.0,2631
2558,1.0,4398
2559,1.0,9189
2560,1.0,3842
2561,0.9046653144016227,86
2562,0.8277404921700223,-20
2563,0.9139784946236559,109
2564,0.0,-179
2565,0.6666666666666666,1313
2566,0.85,483
2567,0.9166666666666666,640
2568,0.7894736842105263,-89
2569,0.8620689655172413,354
2570,1.0,2930
2571,0.0,5839
2572,0.0,1610
2573,1.0,4054
2574,1.0,3347
2575,1.0,2651
2576,1.0,3401
2577,1.0,1637
2578,1.0,476
2579,1.0,1450
2580,0.8888888888888888,660
2581,0.8333333333333334,918
2582,1.0,3721
2583,1.0,2152
2584,1.0,1131
2585,1.0,1564
2586,1.0,4566
2587,1.0,802
2588,1.0,793
2589,1.0,862
2590,0.8,-134
2591,0.8,832
2592,1.0,3186
2593,1.0,1006
2594,0.7,-113
2595,1.0,5704
2596,1.0,770
2597,1.0,2892
2598,0.0,3443
2599,1.0,2083
2600,0.9097291875626881,60
2601,0.8571428571428571,1391
2602,1.0,2988
2603,0.946969696969697,189
2604,1.0,1904
2605,1.0,2138
2606,1.0,1026
2607,1.0,2886
2608,1.0,1270
2609,0.9166666666666666,545
2610,1.0,9727
2611,1.0,1390
2612,1.0,4687
2613,1.0,2156
2614,1.0,2032
2615,1.0,1094
2616,1.0,2345
2617,0.7903645833333334,-21
2618,1.0,5903
2619,1.0,1684
2620,1.0,578
2621,0.9807692307692307,311
2622,1.0,798
2623,0.6363636363636364,-99
2624,1.0,1195
2625,1.0,-201
2626,1.0,873
2627,0.0,-242
2628,0.7,534
2629,1.0,1249
2630,0.5,1676
2631,0.5,1411
2632,1.0,2524
2633,1.0,1293
2634,1.0,4269
2635,1.0,1351
2636,0.7732558139534884,-31
2637,1.0,569
2638,0.9015317286652079,93
2639,1.0,566
2640,1.0,721
2641,1.0,633
2642,1.0,888
2643,1.0,2774
2644,0.8571428571428571,717
2645,1.0,2408
2646,0.75,969
2647,1.0,7945
2648,1.0,3508
2649,1.0,1111
2650,1.0,3062
2651,0.899682251475261,40
2652,0.9438202247191011,204
2653,0.9402985074626866,259
2654,0.8125,-94
2655,0.9642857142857143,251
2656,0.96,366
2657,1.0,666
2658,0.8333333333333334,707
2659,1.0,1503
2660,1.0,1183
2661,1.0,1644
2662,1.0,1477
2663,1.0,5048
2664,0.9056603773584906,282
2665,0.9791666666666666,285
2666,1.0,2387
2667,1.0,-266
2668,0.6666666666666666,1247
2669,0.9,647
2670,1.0,1492
2671,1.0,2000
2672,1.0,1742
2673,1.0,2001
2674,1.0,12494
2675,1.0,1604
2676,1.0,1281
2677,1.0,1616
2678,1.0,1106
2679,1.0,1294
2680,0.8950617283950617,147
2681,0.5,-207
2682,1.0,787
2683,0.8571428571428571,908
2684,0.625,-138
2685,1.0,3973
2686,1.0,887
2687,0.3333333333333333,2267
2688,1.0,1839
2689,1.0,1184
2690,1.0,1495
2691,1.0,1139
2692,1.0,3893
2693,1.0,527
2694,0.8623853211009175,183
2695,1.0,2375
2696,0.8095238095238095,522
2697,0.8,837
2698,1.0,571
2699,0.9,725
2700,0.6666666666666666,1142
2701,1.0,728
2702,0.0,2446
2703,1.0,5897
2704,1.0,1032
2705,0.0,2574
2706,1.0,1634
2707,1.0,1049
2708,0.0,3688
2709,1.0,2048
2710,0.9411764705882353,240
2711,0.9545454545454546,396
2712,1.0,1165
2713,0.918918918918919,263
2714,1.0,3479
2715,1.0,3987
2716,1.0,1057
2717,1.0,1870
2718,1.0,1262
2719,1.0,1017
2720,1.0,1003
2721,1.0,4373
2722,1.0,3124
2723,1.0,4008
2724,1.0,1521
2725,0.898227336339605,16
2726,0.9133489461358314,64
2727,0.75,1022
2728,0.8541666666666666,-66
2729,1.0,3265
2730,1.0,917
2731,1.0,2327
2732,0.0,3123
2733,1.0,1442
2734,1.0,-184
2735,1.0,2243
2736,1.0,1620
2737,1.0,3100
2738,0.5,2361
2739,1.0,3371
2740,0.8216216216216217,-29
2741,0.8709677419354839,281
2742,1.0,2342
2743,0.9117647058823529,336
2744,0.8,698
2745,0.75,612
2746,1.0,3458
2747,1.0,2890
2748,1.0,3850
2749,0.75,839
2750,1.0,1039
2751,1.0,2269
2752,0.0,-216
2753,1.0,-210
2754,1.0,2060
2755,0.9251559251559252,91
2756,0.9298245614035088,267
2757,0.9221556886227545,152
2758,0.9459459459459459,317
2759,0.7142857142857143,-100
2760,0.9743589743589743,357
2761,0.9259259259259259,416
2762,0.9090909090909091,667
2763,0.9090909090909091,584
2764,1.0,2783
2765,0.8333333333333334,835
2766,1.0,1692
2767,0.8571428571428571,788
2768,1.0,7646
2769,0.8452281134401973,-1
2770,0.9516129032258065,261
2771,1.0,1652
2772,0.875,808
2773,0.8260869565217391,398
2774,1.0,1067
2775,1.0,2595
2776,0.6666666666666666,1645
2777,1.0,2480
2778,1.0,757
2779,0.8,1061
2780,1.0,956
2781,1.0,1952
2782,1.0,2146
2783,1.0,4140
2784,1.0,4774
2785,0.9375,489
2786,0.78125,-76
2787,1.0,1929
2788,0.5769230769230769,-80
2789,0.8181818181818182,625
2790,0.7321428571428571,-67
2791,0.75,1439
2792,1.0,2962
2793,1.0,949
2794,1.0,1288
2795,1.0,2626
2796,1.0,2126
2797,1.0,1523
2798,1.0,1603
2799,0.8919558359621451,53
2800,0.8888888888888888,148
2801,0.9026098026734564,47
2802,0.9059434506635892,45
2803,0.9473684210526315,531
2804,0.9473684210526315,572
2805,0.8709677419354839,394
2806,1.0,619
2807,1.0,1851
2808,0.5,1443
2809,1.0,484
2810,0.6666666666666666,1394
2811,0.9,669
2812,0.0,3317
2813,1.0,972
2814,1.0,1159
2815,0.9455782312925171,169
2816,1.0,1827
2817,0.75,786
2818,1.0,2617
2819,0.5,1243
2820,1.0,1286
2821,1.0,2431
2822,1.0,1431
2823,1.0,751
2824,0.8,1268
2825,1.0,2801
2826,1.0,5501
2827,1.0,3788
2828,0.8246334310850439,-5
2829,1.0,758
2830,0.9111111111111111,273
2831,1.0,1158
2832,1.0,1854
2833,1.0,1033
2834,1.0,3002
2835,1.0,2542
2836,1.0,9152
2837,1.0,1105
2838,1.0,8240
2839,1.0,1205
2840,1.0,1494
2841,1.0,5869
2842,1.0,1467
2843,0.901186440677966,24
2844,0.9130434782608695,456
2845,0.8888888888888888,458
2846,0.8928571428571429,340
2847,1.0,739
2848,0.8571428571428571,-139
2849,1.0,1147
2850,1.0,2753
2851,1.0,1092
2852,1.0,1325
2853,1.0,1704
2854,1.0,1214
2855,1.0,6490
2856,1.0,2576
2857,1.0,1843
2858,0.7349397590361446,-52
2859,0.9120879120879121,211
2860,1.0,526
2861,0.5,-127
2862,0.9411764705882353,469
2863,1.0,1587
2864,0.5,2015
2865,1.0,1326
2866,1.0,6354
2867,1.0,4955
2868,1.0,2203
